Workbook

Sheet README
A1: MCAS · MASTER COURSE WORKBOOK · v3
A2: One workbook per course
A3: This workbook is one of three inputs to the MCAS Engine. Pair it with your Faculty Brand Sheet (HTML app, exports .brand.json) and your Prototype Selection. Together they generate your course package: blueprint, content scaffolds, compliance reports, and certification.
A6: How to use this workbook
A8: 1. Tab 01 Course Setup. Fill the course header block and pick your Prototype.
A9: 2. Tab 02 Faculty Brand Summary. Drop in the filename of your exported .brand.json. The full brand interview lives in the HTML brand sheet, not here.
A10: 3. Tab 03 Learning Outcomes. Anchor everything else. Each outcome gets an ID.
A11: 4. Tab 04 Asset Library. Every video, reading, tool, slide, rubric, simulator. Set Format per item. Flag any document you want converted to HTML for accessibility.
A12: 5. Tabs 05-08 Schedule, Module Builder, Assessments, Engagement. Architecture.
A13: 6. Tab 09 Lab Components. If your course has labs, plan them here.
A14: 7. Tabs 10-12 Compliance: Accessibility (WCAG 2.2 AA floor), RSI, Quality Assurance.
A15: 8. Tab 13 Launch Checklist. Final sign-offs before students arrive.
... A36: Designed by MedMasters Collaborative. Use it, fork it, make it yours.

Sheet 00 Course Overview
A1: MCAS · DASHBOARD
A2: Course Overview
A3: Live readiness scorecard. Counts pull from your other tabs. Edit data there, not here.
A5: Course Code | B5: ='01 Course Setup'!C5 | D5: Course Title | E5: ='01 Course Setup'!C6
A6: Faculty | B6: ='01 Course Setup'!C11 | D6: Prototype | E6: ='01 Course Setup'!C16
A7: Term | B7: ='01 Course Setup'!C8 | D7: Brand Sheet | E7: ='02 Faculty Brand Summary'!C5
A10: COUNTS | D10: COMPLIANCE
A11: Outcomes | B11: =COUNTA('03 Learning Outcomes'!A6:A1000)-COUNTIF('03 Learning Outcomes'!A6:A1000,"LO01, LO02… or your scheme") | D11: WCAG Pass | E11: =COUNTIF('10 Accessibility'!F6:F1000,"Pass")
A12: Modules | B12: =COUNTA('06 Module Builder'!A6:A1000)-COUNTIF('06 Module Builder'!A6:A1000,"M01, M02…") | D12: WCAG Fail | E12: =COUNTIF('10 Accessibility'!F6:F1000,"Fail")
A13: Assets | B13: =COUNTA('04 Asset Library'!A6:A1000)-COUNTIF('04 Asset Library'!A6:A1000,"A001, A002…") | D13: WCAG Partial | E13: =COUNTIF('10 Accessibility'!F6:F1000,"Partial")
A14: Assessments | B14: =COUNTA('07 Assessments'!A6:A1000)-COUNTIF('07 Assessments'!A6:A1000,"A01, A02…") | D14: RSI Entries | E14: =COUNTA('11 RSI'!A6:A1000)-COUNTIF('11 RSI'!A6:A1000,"R001…")
A15: Lab Components | B15: =COUNTA('09 Lab Components'!A6:A1000)-COUNTIF('09 Lab Components'!A6:A1000,"LAB01…") | D15: QA Pass | E15: =COUNTIF('12 Quality Assurance'!F6:F1000,"Pass")
A16: Schedule items | B16: =COUNTA('05 Schedule & Pacing'!A6:A1000)-COUNTIF('05 Schedule & Pacing'!A6:A1000,"Week #") | D16: QA Pending | E16: =COUNTIF('12 Quality Assurance'!F6:F1000,"Pending")
A19: READINESS
A20: Launch tasks complete | B20: =COUNTIF('13 Launch Checklist'!E6:E1000,"Complete")
A21: Launch tasks total | B21: =COUNTA('13 Launch Checklist'!A6:A1000)-COUNTIF('13 Launch Checklist'!A6:A1000,"L001…")
A22: Launch readiness % | B22: =IFERROR(B20/B21,0)
A23: WCAG readiness % | B23: =IFERROR(E11/(E11+E12+E13),0)
A25: How to lift this dashboard
A26: Add or edit data on the source tabs. WCAG readiness counts criteria marked Pass against all Pass/Fail/Partial. Launch readiness counts tasks marked Complete against your total task list.

Sheet 01 Course Setup
A1: TAB 01 · START HERE
A2: Course Setup
A3: Single-course workbook. Fill the header block, pick your Prototype, and reference your Brand Sheet file. The dashboard and downstream tabs read from here.
A5: Course Code | D5: e.g., BIO 431, NURS 210, HIST 101
A6: Course Title | D6: Full title as it appears in catalog
A7: Institution | D7: College / university name
A8: Term | D8: e.g., Fall 2026, Summer 2026, 8-Week B
A9: Modality | D9: Pick from list
A10: Credit Hours | D10: Number
A11: Faculty Name | D11: As it should appear in student-facing materials
A12: Byline | D12: What students see on syllabus/materials. e.g., Dr. Sharilyn Rennie
A13: Course Start | D13: YYYY-MM-DD
A14: Course End | D14: YYYY-MM-DD
A15: # Weeks | D15: Total weeks of instruction
A16: Prototype Selection | D16: Pick from list. Determines course architecture.
... A19: Notes | D19: Any context for collaborators or AI tools

Sheet 02 Faculty Brand Summary
A1: TAB 02
A2: Faculty Brand Summary
A3: Pointer to your standalone Brand Sheet. The full 10-section interview lives in faculty-branding-app.html. Drop the exported JSON filename here so the Course Generator can find it.
A5: Brand Sheet (file) | D5: Filename of .brand.json exported from faculty-branding-app.html
A6: Faculty Name | D6: As it should appear in student-facing materials
A7: Byline rule | D7: e.g., 'Dr. Sharilyn Rennie' — no credential suffix in student-facing output
A8: Palette name | D8: e.g., Primary Teaching, MedMasters MCAS
A9: Primary color (hex) | D9: e.g., #0B1530
A10: Accent color (hex) | D10: e.g., #C9A14A
A11: Display font | D11: e.g., Plus Jakarta Sans
A12: Body font | D12: e.g., Plus Jakarta Sans
A13: AI: always do | D13: Top 3 rules
A14: AI: never do | D14: Top 3 rules (e.g., em dashes, sage/cream in teaching materials)
A15: WCAG target | D15: AA or AAA
A16: Notes | D16: Anything else the Generator should honor
A19: Full brand interview (philosophy, voice, full palette, components, accessibility, AI rules) is in faculty-branding-app.html. Export JSON there; reference the filename above.

Sheet 03 Learning Outcomes
A1: TAB 03
A2: Learning Outcomes
A3: Anchor everything else. Each outcome gets an ID you'll reference in Modules, Assets, and Assessments.
A4: Outcome ID | B4: Module/Unit | C4: Outcome Statement | D4: Bloom Level | E4: DOK Level | F4: Notes
A5: LO01, LO02… or your scheme | B5: Module ID or name (e.g., M01) | C5: 'Students will be able to…' (one verb, one object) | D5: Pick from list | E5: Pick from list | F5: Optional. Linked assessments, alignment notes.
A6: LO01 | B6: M01 | C6: Students will identify the four phases of mitosis. | D6: Remember | E6: 1

Sheet 04 Asset Library
A1: TAB 04 · LINK LIBRARY
A2: Asset Library
A3: Every video, reading, tool, slide deck, rubric, simulator. One row per item. Pick a Format. Flag any document you want converted to HTML so accessibility lands automatically.
A4: Asset ID | B4: Module | C4: Week | D4: Asset Type | E4: Title | F4: URL or Path | G4: Format | H4: Convert to HTML? | I4: Source | J4: Accessibility Status | K4: Status | L4: Notes
A5: A001, A002… | B5: Module ID or name | C5: Week # | D5: Pick from list | E5: Display title (what students see) | F5: Public URL or local path | G5: Pick from list. Sets the deliverable type for the Course Generator. | H5: Yes = generate as accessible HTML instead of the original format. No = keep original (you handle accessibility). N/A = already HTML or not a document. | I5: Pick from list | J5: Pick from list | K5: Pick from list | L5: Optional
A6: A001 | B6: M01 | C6: 1 | D6: Video | E6: Intro to the cell | F6: https://... | G6: Video | H6: N/A | I6: YouTube | J6: N/A | K6: Live

Sheet 05 Schedule & Pacing
A1: TAB 05
A2: Schedule & Pacing
A3: One row per session or pre-work block. Pair with the Module Builder.
A4: Week | B4: Date | C4: Day | D4: Module/Unit | E4: Topics | F4: Pre-class | G4: In-class | H4: Post-class
A5: Week # | B5: YYYY-MM-DD | C5: Pick | D5: Module ID | E5: Comma-separated topics | F5: Asset IDs | G5: Activity IDs | H5: Asset/Assessment IDs
A6: 1 | B6: 2026-08-25 | C6: Mon | D6: M01 | E6: Levels of organization | F6: A001 | G6: E01 | H6: A002

Sheet 06 Module Builder
A1: TAB 06
A2: Module Builder
A3: The structural unit. Each module ties outcomes, assets, activities, and assessments together.
A4: Module ID | B4: Module Title | C4: Sequence # | D4: Outcome IDs | E4: Pre-Class Asset IDs | F4: In-Class Activity IDs | G4: Post-Class Asset IDs | H4: Assessment IDs | I4: Lab IDs | J4: Notes
A5: M01, M02… | B5: What this module is about | C5: 1, 2, 3… | D5: Comma-separated | E5: Asset IDs | F5: Engagement IDs | G5: Asset IDs | H5: Assessment IDs | I5: Lab IDs | J5: Optional
A6: M01 | B6: Foundations | C6: 1 | D6: LO01 | E6: A001 | F6: E01 | G6: A002 | H6: A01 | J6: Anatomy/physiology scope set in Brand Sheet

Sheet 07 Assessments
A1: TAB 07
A2: Assessments
A3: Every graded touchpoint. Tag each one with the outcomes it measures.
A4: Assessment ID | B4: Module | C4: Type | D4: Title | E4: Weight (%) | F4: Format | G4: Convert to HTML? | H4: Outcome IDs | I4: Due | J4: Notes
A5: A01, A02… | B5: Module ID | C5: Pick from list | D5: What students see | E5: 0–100 | F5: Pick from list. Set output format. | G5: Yes/No/N/A | H5: Comma-separated | I5: YYYY-MM-DD | J5: Rubric URL, AI-resistance notes
A6: A01 | B6: M01 | C6: Quiz | D6: Module 1 readiness check | E6: 5 | F6: HTML | G6: N/A | H6: LO01 | I6: 2026-09-02

Sheet 08 Engagement
A1: TAB 08
A2: Engagement Strategy
A3: Tactics that pull students into the material. Tie them to specific modules.
A4: Engagement ID | B4: Module | C4: Tactic | D4: Type | E4: Frequency | F4: Outcome IDs | G4: Asset IDs | H4: Notes
A5: E01, E02… | B5: Module ID | C5: Name the tactic | D5: Pick from list | E5: Per session / weekly / one-time | F5: Comma-separated | G5: Comma-separated | H5: Optional
A6: E01 | B6: M01 | C6: Think-pair-share on case | D6: Active learning | E6: Per session | F6: LO01 | G6: A001

Sheet 09 Lab Components
A1: TAB 09
A2: Lab Components
A3: If your course has labs (wet, dry, virtual, clinical sim, drawing), plan them here. Link each lab to outcomes, supporting assets, and safety notes.
A4: Lab ID | B4: Module | C4: Week | D4: Lab Title | E4: Lab Type | F4: Setup Requirements | G4: Materials / Equipment | H4: Linked Outcome IDs | I4: Linked Asset IDs | J4: Safety / Access Notes
A5: LAB01… | B5: Module ID | C5: Week # | D5: What students do | E5: Pick from list | F5: Room setup, group size, time | G5: List materials | H5: Comma-separated | I5: Comma-separated | J5: Hazards, PPE, accommodations
A6: LAB01 | B6: M01 | C6: 1 | D6: Microscopy intro | E6: Wet lab | F6: Lab benches for 4, 8 microscopes | G6: Slides, lens paper | H6: LO01 | I6: A001 | J6: Standard lab safety; magnifier alt for low-vision

Sheet 10 Accessibility
A1: TAB 10 · COMPLIANCE PHASE
A2: Accessibility — WCAG 2.2 Audit
A3: One row per criterion checked, per asset. AA is the floor; aim AAA where achievable.
A4: Audit ID | B4: Asset ID | C4: File / Page | D4: WCAG Criterion | E4: Target Level | F4: Status | G4: Issue Found | H4: Remediation | I4: Owner | J4: Verified Date
A5: AU001… | B5: Asset ID from tab 04 | C5: File name or URL | D5: e.g., 1.4.3 Contrast | E5: Pick from list | F5: Pick from list | G5: Short description | H5: What needs to change | I5: Who owns the fix | J5: YYYY-MM-DD
A6: AU001 | B6: A001 | C6: intro-cell.html | D6: 1.4.3 Contrast | E6: AA | F6: Pass | J6: 2026-08-20

Sheet 11 RSI
A1: TAB 11 · COMPLIANCE PHASE
A2: Regular & Substantive Interaction (RSI)
A3: Evidence that the instructor is regularly and substantively present. One row per RSI activity.
A4: RSI ID | B4: Module | C4: Week | D4: Category | E4: Activity | F4: Cadence | G4: Evidence Artifact | H4: Notes
A5: R001… | B5: Module ID | C5: Week # | D5: Pick from list | E5: What you do | F5: Daily / weekly / per session | G5: Link, file, or LMS location | H5: Optional
A6: R001 | B6: M01 | C6: 1 | D6: Instructor Presence | E6: Weekly check-in announcement | F6: Weekly | G6: Canvas Announcements

Sheet 12 Quality Assurance
A1: TAB 12 · COMPLIANCE PHASE
A2: Quality Assurance
A3: Pre-launch checklist. Each row is a check you've run against the course.
A4: QA ID | B4: Area | C4: Check | D4: Standard | E4: Asset/Module | F4: Status | G4: Reviewer | H4: Notes
A5: QA001… | B5: e.g., Alignment, Navigation, Consistency | C5: What you checked | D5: What 'pass' looks like | E5: Optional. ID if applicable. | F5: Pick from list | G5: Reviewer name | H5: Optional
A6: QA001 | B6: Alignment | C6: Outcome alignment | D6: Every asset maps to ≥1 outcome | F6: Pass
A7: QA001 | B7: Alignment | C7: Outcome alignment | D7: Every asset maps to ≥1 outcome
A8: QA002 | B8: Consistency | C8: Brand alignment | D8: Colors, fonts, tone match Brand Sheet
A9: QA003 | B9: Compliance | C9: Accessibility audit | D9: All WCAG criteria on tab 10 marked Pass or Waived
A10: QA004 | B10: Navigation | C10: Link health | D10: Every URL in Asset Library returns 200
A11: QA005 | B11: Alignment | C11: Outcome coverage | D11: Every outcome has ≥1 asset + ≥1 assessment
A12: QA006 | B12: Compliance | C12: RSI evidence | D12: ≥1 RSI entry per module on tab 11
A13: QA007 | B13: Student experience | C13: Embed readiness | D13: HTML embeds tested in LMS iframe
A14: QA008 | B14: Compliance | C14: Compliance notes filed | D14: compliance-notes.md saved in project folder
A15: QA009 | B15: Student experience | C15: Mobile readiness | D15: All HTML deliverables pass 320px viewport test
A16: QA010 | B16: Outcome coverage | C16: Bloom/DOK spread | D16: Outcomes span at least 3 Bloom levels

Sheet 13 Launch Checklist
A1: TAB 13 · LAUNCH PHASE
A2: Launch Readiness
A3: Final mile. Sign-offs and dry-run before students arrive.
A4: Task ID | B4: Task | C4: Owner | D4: Due Date | E4: Status | F4: Dependencies | G4: Notes
A5: L001… | B5: What needs to happen | C5: Who owns it | D5: YYYY-MM-DD | E5: Pick from list | F5: Task IDs that must finish first | G5: Optional
A6: L001 | B6: Course blueprint signed off | E6: Not started
A7: L001 | B7: Course blueprint signed off
A8: L002 | B8: Faculty Brand Sheet locked (JSON exported)
A9: L003 | B9: Prototype selection confirmed
A10: L004 | B10: All outcomes mapped to assets + assessments
A11: L005 | B11: Accessibility audit passed (tab 10 closed out)
A12: L006 | B12: RSI evidence matrix complete (tab 11)
A13: L007 | B13: Quality Assurance checklist passed (tab 12)
A14: L008 | B14: Compliance notes filed (compliance-notes.md)
A15: L009 | B15: LMS shell populated
A16: L010 | B16: Embeds tested in LMS iframe
A17: L011 | B17: Syllabus byline + contact info reviewed
A18: L012 | B18: Launch dry-run completed

Sheet Lookups
A1: Prototype | B1: Modality | C1: Status_Course | D1: Status_Generic | E1: Status_Asset | F1: Status_QA | G1: Status_A11y | H1: Format | I1: ConvertHTML | J1: YesNo | K1: Asset_Type | L1: Source | M1: Bloom | N1: DOK | O1: RSI_Category | P1: WCAG_Target | Q1: Assessment_Type | R1: Engagement_Type | S1: DoW | T1: Lab_Type
A2: Traditional Online | B2: In-person | C2: Active | D2: Not started | E2: Planned | F2: Pending | G2: Pass | H2: HTML | I2: Yes | J2: Yes | K2: Video | L2: LMS-hosted | M2: Remember | N2: 1 | O2: Instructor Presence | P2: AA | Q2: Quiz | R2: Active learning | S2: Mon | T2: Wet lab
A3: Hybrid | B3: Online | C3: Drafting | D3: In progress | E3: Drafted | F3: Pass | G3: Fail | H3: DOCX | I3: No | J3: No | K3: Reading | L3: GitHub Pages | M3: Understand | N3: 2 | O3: Direct Instruction | P3: AAA | Q3: Test | R3: Drawing-based | S3: Tue | T3: Dry lab
A4: Team-Based Learning (TBL) | B4: Hybrid | C4: Skeleton | D4: Blocked | E4: In review | F4: Fail | G4: Partial | H4: PDF | I4: N/A | J4: N/A | K4: Slide deck | L4: Public site | M4: Apply | N4: 3 | O4: Guided Facilitation | Q4: Midterm | R4: Case study | S4: Wed | T4: Virtual sim
A5: Case-Based | B5: HyFlex | C5: Paused | D5: Complete | E5: Approved | F5: Waived | G5: N/A | H5: PPTX | K5: Worksheet | L5: YouTube | M5: Analyze | N5: 4 | O5: Feedback | Q5: Final | R5: Simulation | S5: Thu | T5: Dissection
A6: Accelerated | B6: Async | C6: Archived | D6: Skipped | E6: Live | H6: Slide deck | K6: Rubric | L6: Vimeo | M6: Evaluate | O6: Communication Plan | Q6: iRAT | R6: Discussion | S6: Fri | T6: Field study
A7: Competency-Based | B7: Sync | E7: Needs update | H7: Video | K7: HTML tool | L7: Library DB | M7: Create | O7: Evidence | Q7: tRAT | R7: Peer review | S7: Sat | T7: Clinical sim
A8: Course Redesign / Program Review | E8: Retired | H8: Audio | K8: Simulator | L8: Publisher (OpenStax etc.) | Q8: Application activity | R8: Polling | S8: Sun | T8: Drawing lab
H9: Image | K9: Quiz | L9: External | Q9: Lab exam | R9: Game | T9: Other
H10: External link | K10: Lab activity | L10: Local | Q10: Project | R10: Reflection
H11: Other | K11: Discussion | L11: Other | Q11: Drawing synthesis | R11: Office hours
K12: Drawing prompt | Q12: Case analysis | R12: Other
K13: Case study | Q13: Discussion
K14: External link | Q14: Reflection
K15: Document | Q15: Presentation
K16: Other | Q16: Other
